{
  "pruning_curve": {
    "sparsity_pct": [
      0.0,
      9.7,
      19.4,
      29.2,
      38.9,
      48.6
    ],
    "val_f1": [
      0.887626,
      0.8818,
      0.8905,
      0.8966,
      0.8961,
      0.8936
    ],
    "teacher_baseline": 0.887626,
    "peak_sparsity_pct": 29.2,
    "peak_f1": 0.8966
  },
  "kd_curves": {
    "epochs": [
      1,
      2,
      3,
      4,
      5,
      6,
      7,
      8,
      9,
      10
    ],
    "vanilla_kd_val_f1": [
      0.5191,
      0.5346,
      0.5435,
      0.7648,
      0.7608,
      0.7837,
      0.7926,
      0.7813,
      0.7892,
      0.8017
    ],
    "intermediate_kd_val_f1": [
      0.4731,
      0.5292,
      0.6215,
      0.7247,
      0.7371,
      0.728,
      0.7616,
      0.7538,
      0.7712,
      0.7674
    ]
  },
  "entropy_heatmap": {
    "importance_matrix": [
      [
        0.38542842864990234,
        0.41357356309890747,
        0.8663352727890015,
        0.8571651577949524,
        0.537020206451416,
        0.4650954008102417,
        0.4722175598144531,
        0.3986017107963562,
        0.43333011865615845,
        0.4034905433654785,
        0.9295275807380676,
        0.7461521029472351
      ],
      [
        0.7269480228424072,
        0.6372252106666565,
        0.5154913663864136,
        0.6348260641098022,
        0.6479607820510864,
        0.4425335228443146,
        0.9057944416999817,
        0.5274999141693115,
        0.4342673420906067,
        0.38842490315437317,
        0.576988935470581,
        0.41725438833236694
      ],
      [
        0.8487038612365723,
        0.5558972358703613,
        0.49291640520095825,
        0.41866639256477356,
        0.47103798389434814,
        0.48761364817619324,
        0.45461228489875793,
        0.45497745275497437,
        0.5106257796287537,
        0.848395586013794,
        0.4639134109020233,
        0.5095170140266418
      ],
      [
        0.7784858345985413,
        0.4613640606403351,
        0.5792989134788513,
        0.5357975959777832,
        0.48540496826171875,
        0.7163017392158508,
        0.5548370480537415,
        0.4446979761123657,
        0.5031781196594238,
        0.6631056666374207,
        0.4894646406173706,
        0.5475858449935913
      ],
      [
        0.5514736771583557,
        0.42648845911026,
        0.5878990888595581,
        0.7204431891441345,
        0.4941938519477844,
        0.6272626519203186,
        0.6070597767829895,
        0.6610328555107117,
        0.6472629308700562,
        0.5264654755592346,
        0.5458565950393677,
        0.6506519317626953
      ],
      [
        0.7355030179023743,
        0.7384849190711975,
        0.611872136592865,
        0.6794517040252686,
        0.5323754549026489,
        0.8651277422904968,
        0.7960670590400696,
        0.792049765586853,
        0.7521350383758545,
        0.796968936920166,
        0.6822246313095093,
        0.818579912185669
      ],
      [
        0.7048822641372681,
        0.6455786824226379,
        0.7097766995429993,
        0.7690632939338684,
        0.6907976269721985,
        0.6738073229789734,
        0.7218255400657654,
        0.6447194218635559,
        0.6135552525520325,
        0.7117332220077515,
        0.7367264032363892,
        0.7753172516822815
      ],
      [
        0.6745984554290771,
        0.7174925208091736,
        0.7057284116744995,
        0.7532339096069336,
        0.8002557158470154,
        0.6433854699134827,
        0.806947648525238,
        0.7591718435287476,
        0.7258403301239014,
        0.7313818335533142,
        0.7536066174507141,
        0.7355338335037231
      ],
      [
        0.6745907664299011,
        0.5897878408432007,
        0.7470864057540894,
        0.6233710050582886,
        0.6293396353721619,
        0.6720952391624451,
        0.6727484464645386,
        0.6915572881698608,
        0.6861597299575806,
        0.6349915266036987,
        0.5954432487487793,
        0.614596426486969
      ],
      [
        0.6501701474189758,
        0.6829692125320435,
        0.5518523454666138,
        0.5990653038024902,
        0.6666006445884705,
        0.6795060038566589,
        0.7005132436752319,
        0.6523407697677612,
        0.7329755425453186,
        0.6695106029510498,
        0.6679562926292419,
        0.8204649686813354
      ],
      [
        0.5990720391273499,
        0.6584834456443787,
        0.6247934103012085,
        0.6788818836212158,
        0.5947661399841309,
        0.618576169013977,
        0.6216307282447815,
        0.6285198330879211,
        0.6566364169120789,
        0.6702613830566406,
        0.661472737789154,
        0.5717285871505737
      ],
      [
        0.6165119409561157,
        0.5989507436752319,
        0.5673428773880005,
        0.6253159046173096,
        0.5793099403381348,
        0.606013834476471,
        0.6724564433097839,
        0.6624476909637451,
        0.6442139744758606,
        0.5624567270278931,
        0.5793004035949707,
        0.568145215511322
      ]
    ],
    "pruned_head_count": 70,
    "total_heads": 144,
    "sparsity_pct": 48.6
  },
  "cpu_latency": [
    {
      "model_name": "student_ptq",
      "cpu_latency_ms_median": 19.83,
      "macro_f1": 0.7864
    },
    {
      "model_name": "student_qat",
      "cpu_latency_ms_median": 20.19,
      "macro_f1": 0.7621
    },
    {
      "model_name": "student_intermediate_kd",
      "cpu_latency_ms_median": 24.06,
      "macro_f1": 0.7881
    },
    {
      "model_name": "student_vanilla_kd",
      "cpu_latency_ms_median": 24.2,
      "macro_f1": 0.7713
    },
    {
      "model_name": "pruned_teacher_50pct",
      "cpu_latency_ms_median": 263.52,
      "macro_f1": 0.9125
    },
    {
      "model_name": "pruned_teacher_30pct",
      "cpu_latency_ms_median": 266.38,
      "macro_f1": 0.9215
    },
    {
      "model_name": "teacher",
      "cpu_latency_ms_median": 286.88,
      "macro_f1": 0.9182
    }
  ]
}