model_name,num_parameters,size_mb,macro_f1,accuracy,cpu_latency_ms_median,cpu_latency_ms_p95,cpu_throughput_sps,device,f1_negative,f1_neutral,f1_positive
teacher,109484547,437.95,0.918242,0.926877,77.011,138.958,20.8,cpu,0.885246,0.954751,0.914729
student_vanilla_kd,19017603,76.07,0.771319,0.794466,12.099,16.34,158.5,cpu,0.673575,0.86836,0.772021
student_intermediate_kd,19017603,76.07,0.788139,0.812253,12.0,23.63,170.0,cpu,0.68,0.880184,0.804233
pruned_teacher_30pct,109484547,437.95,0.9215,0.93083,77.176,104.958,18.3,cpu,0.882051,0.956916,0.925532
pruned_teacher_50pct,109484547,437.95,0.912469,0.922925,74.296,90.415,18.0,cpu,0.868687,0.95672,0.912
